Ventas,comision,Total
5392,539.2,5931.2
4272,427.20000000000005,4699.2
4186,418.6,4604.6
6470,647.0,7117.0
1778,177.8,1955.8
4772,477.20000000000005,5249.2
5789,578.9,6367.9
2612,261.2,2873.2
3602,360.20000000000005,3962.2
1958,195.8,2153.8
