Vendedor,Ventas,comision,total,bono,bono2
Juan,100,10.0,110.0,0.0,0.0
Maria,1500,150.0,1725.0,75.0,75.0
Francisco,2222,222.20000000000002,2555.2999999999997,111.1,111.10000000000001
