Vendedor;Ventas,Vendedor,Ventas,bono,comision,total
Juan;100,Juan,100.0,0.0,10.0,110.0
Maria;1500,Maria,1500.0,75.0,150.0,1725.0
Francisco;2222,Francisco,2222.0,111.10000000000001,222.20000000000002,2555.2999999999997
